dataset,model_size,milestone,vocab_size,seed,acc
tinystories,60m,25,8000,0,0.5247761194029851
tinystories,60m,25,8000,1,0.5187313432835821
tinystories,60m,25,8000,2,0.5245970149253731
tinystories,60m,50,8000,0,0.5500746268656717
tinystories,60m,50,8000,1,0.5595671641791045
tinystories,60m,50,8000,2,0.5608358208955224
tinystories,60m,75,8000,0,0.5692089552238806
tinystories,60m,75,8000,1,0.5786268656716418
tinystories,60m,75,8000,2,0.5724477611940298
tinystories,60m,100,8000,0,0.5741791044776119
tinystories,60m,100,8000,1,0.5727761194029851
tinystories,60m,100,8000,2,0.5793134328358209
tinystories,60m,250,8000,0,0.6033283582089553
tinystories,60m,250,8000,1,0.6093283582089553
tinystories,60m,250,8000,2,0.6057014925373134
tinystories,60m,500,8000,0,0.6232835820895523
tinystories,60m,500,8000,1,0.6139253731343284
tinystories,60m,500,8000,2,0.6168656716417911
tinystories,60m,750,8000,0,0.6382089552238805
tinystories,60m,750,8000,1,0.6405223880597015
tinystories,60m,750,8000,2,0.636910447761194
tinystories,60m,1000,8000,0,0.6238059701492538
tinystories,60m,1000,8000,1,0.6314776119402985
tinystories,60m,1000,8000,2,0.6380298507462686
tinystories,60m,1250,8000,0,0.6237611940298508
tinystories,60m,1250,8000,1,0.6318059701492538
tinystories,60m,1250,8000,2,0.6371492537313432
tinystories,60m,1500,8000,0,0.6348358208955224
tinystories,60m,1500,8000,1,0.6388955223880597
tinystories,60m,1500,8000,2,0.6472388059701493
tinystories,60m,1750,8000,0,0.6328656716417911
tinystories,60m,1750,8000,1,0.6414477611940298
tinystories,60m,1750,8000,2,0.6337611940298508
tinystories,60m,2000,8000,0,0.6223283582089553
tinystories,60m,2000,8000,1,0.6391044776119403
tinystories,60m,2000,8000,2,0.6470895522388059
tinystories,60m,final,8000,0,0.6377462686567165
tinystories,60m,final,8000,1,0.6478805970149254
tinystories,60m,final,8000,2,0.6504328358208955
tinystories,60m,25,16000,0,0.5297313432835821
tinystories,60m,25,16000,1,0.5284626865671642
tinystories,60m,25,16000,2,0.539089552238806
tinystories,60m,50,16000,0,0.5613283582089552
tinystories,60m,50,16000,1,0.5578507462686567
tinystories,60m,50,16000,2,0.5675671641791045
tinystories,60m,75,16000,0,0.5683432835820895
tinystories,60m,75,16000,1,0.5760298507462687
tinystories,60m,75,16000,2,0.5869850746268657
tinystories,60m,100,16000,0,0.5903283582089552
tinystories,60m,100,16000,1,0.5901194029850746
tinystories,60m,100,16000,2,0.5978358208955223
tinystories,60m,250,16000,0,0.6220746268656716
tinystories,60m,250,16000,1,0.6081940298507462
tinystories,60m,250,16000,2,0.6194179104477612
tinystories,60m,500,16000,0,0.6376567164179104
tinystories,60m,500,16000,1,0.6373582089552239
tinystories,60m,500,16000,2,0.6371343283582089
tinystories,60m,750,16000,0,0.6356268656716418
tinystories,60m,750,16000,1,0.642223880597015
tinystories,60m,750,16000,2,0.643179104477612
tinystories,60m,1000,16000,0,0.6471940298507463
tinystories,60m,1000,16000,1,0.6384328358208955
tinystories,60m,1000,16000,2,0.6413582089552239
tinystories,60m,1250,16000,0,0.6338358208955224
tinystories,60m,1250,16000,1,0.6425074626865671
tinystories,60m,1250,16000,2,0.6471343283582089
tinystories,60m,1500,16000,0,0.646686567164179
tinystories,60m,1500,16000,1,0.6467910447761194
tinystories,60m,1500,16000,2,0.6422537313432836
tinystories,60m,1750,16000,0,0.6447014925373135
tinystories,60m,1750,16000,1,0.6488208955223881
tinystories,60m,1750,16000,2,0.6480597014925373
tinystories,60m,2000,16000,0,0.656223880597015
tinystories,60m,2000,16000,1,0.6443134328358209
tinystories,60m,2000,16000,2,0.6618358208955224
tinystories,60m,final,16000,0,0.6487611940298508
tinystories,60m,final,16000,1,0.649955223880597
tinystories,60m,final,16000,2,0.6521940298507463
tinystories,60m,25,32000,0,0.5437611940298508
tinystories,60m,25,32000,1,0.5543283582089552
tinystories,60m,25,32000,2,0.5237313432835821
tinystories,60m,50,32000,0,0.5548507462686567
tinystories,60m,50,32000,1,0.5557462686567164
tinystories,60m,50,32000,2,0.545089552238806
tinystories,60m,75,32000,0,0.5854477611940299
tinystories,60m,75,32000,1,0.5804626865671642
tinystories,60m,75,32000,2,0.5864925373134329
tinystories,60m,100,32000,0,0.599776119402985
tinystories,60m,100,32000,1,0.5893880597014926
tinystories,60m,100,32000,2,0.5943134328358209
tinystories,60m,250,32000,0,0.6161492537313433
tinystories,60m,250,32000,1,0.6035223880597015
tinystories,60m,250,32000,2,0.6230149253731343
tinystories,60m,500,32000,0,0.6444328358208955
tinystories,60m,500,32000,1,0.6124925373134328
tinystories,60m,500,32000,2,0.6338955223880597
tinystories,60m,750,32000,0,0.6400298507462686
tinystories,60m,750,32000,1,0.6348955223880597
tinystories,60m,750,32000,2,0.6382686567164179
tinystories,60m,1000,32000,0,0.6430597014925373
tinystories,60m,1000,32000,1,0.6449402985074627
tinystories,60m,1000,32000,2,0.6445522388059701
tinystories,60m,1250,32000,0,0.6480597014925373
tinystories,60m,1250,32000,1,0.6431044776119403
tinystories,60m,1250,32000,2,0.6456865671641792
tinystories,60m,1500,32000,0,0.6614328358208955
tinystories,60m,1500,32000,1,0.6468358208955224
tinystories,60m,1500,32000,2,0.6544029850746269
tinystories,60m,1750,32000,0,0.6536716417910448
tinystories,60m,1750,32000,1,0.6507611940298508
tinystories,60m,1750,32000,2,0.6541940298507463
tinystories,60m,2000,32000,0,0.6584626865671642
tinystories,60m,2000,32000,1,0.6486268656716417
tinystories,60m,2000,32000,2,0.6463134328358209
tinystories,60m,final,32000,0,0.6568358208955224
tinystories,60m,final,32000,1,0.6431343283582089
tinystories,60m,final,32000,2,0.6508208955223881
tinystories,60m,25,50257,0,0.5508208955223881
tinystories,60m,25,50257,1,0.5337910447761194
tinystories,60m,25,50257,2,0.543134328358209
tinystories,60m,50,50257,0,0.5880298507462687
tinystories,60m,50,50257,1,0.5726119402985075
tinystories,60m,50,50257,2,0.571910447761194
tinystories,60m,75,50257,0,0.5941940298507463
tinystories,60m,75,50257,1,0.583910447761194
tinystories,60m,75,50257,2,0.5734179104477612
tinystories,60m,100,50257,0,0.6085373134328358
tinystories,60m,100,50257,1,0.6076716417910448
tinystories,60m,100,50257,2,0.589134328358209
tinystories,60m,250,50257,0,0.6505671641791044
tinystories,60m,250,50257,1,0.6343432835820896
tinystories,60m,250,50257,2,0.6383283582089552
tinystories,60m,500,50257,0,0.6468805970149254
tinystories,60m,500,50257,1,0.6340597014925373
tinystories,60m,500,50257,2,0.6387910447761194
tinystories,60m,750,50257,0,0.6441194029850746
tinystories,60m,750,50257,1,0.6453134328358209
tinystories,60m,750,50257,2,0.6441641791044777
tinystories,60m,1000,50257,0,0.6478805970149254
tinystories,60m,1000,50257,1,0.6548955223880597
tinystories,60m,1000,50257,2,0.6522985074626866
tinystories,60m,1250,50257,0,0.6569253731343283
tinystories,60m,1250,50257,1,0.6547313432835821
tinystories,60m,1250,50257,2,0.6434925373134328
tinystories,60m,1500,50257,0,0.6571194029850747
tinystories,60m,1500,50257,1,0.6597164179104478
tinystories,60m,1500,50257,2,0.6462686567164179
tinystories,60m,1750,50257,0,0.6495373134328358
tinystories,60m,1750,50257,1,0.6538059701492537
tinystories,60m,1750,50257,2,0.645955223880597
tinystories,60m,2000,50257,0,0.6506119402985074
tinystories,60m,2000,50257,1,0.6552686567164179
tinystories,60m,2000,50257,2,0.6553731343283582
tinystories,60m,final,50257,0,0.6479850746268657
tinystories,60m,final,50257,1,0.6661492537313433
tinystories,60m,final,50257,2,0.6608507462686567
tinystories,20m,25,16000,0,0.5538358208955224
tinystories,20m,25,16000,1,0.5605223880597014
tinystories,20m,25,16000,2,0.5785223880597015
tinystories,20m,50,16000,0,0.5898358208955223
tinystories,20m,50,16000,1,0.5747910447761194
tinystories,20m,50,16000,2,0.5893880597014926
tinystories,20m,75,16000,0,0.5766567164179105
tinystories,20m,75,16000,1,0.5794029850746268
tinystories,20m,75,16000,2,0.5966268656716418
tinystories,20m,100,16000,0,0.6050597014925373
tinystories,20m,100,16000,1,0.586089552238806
tinystories,20m,100,16000,2,0.6051492537313433
tinystories,20m,250,16000,0,0.6075373134328358
tinystories,20m,250,16000,1,0.6017313432835821
tinystories,20m,250,16000,2,0.6271044776119403
tinystories,20m,500,16000,0,0.627
tinystories,20m,500,16000,1,0.6426865671641792
tinystories,20m,500,16000,2,0.6332985074626866
tinystories,20m,750,16000,0,0.6282388059701492
tinystories,20m,750,16000,1,0.6312835820895523
tinystories,20m,750,16000,2,0.6363582089552239
tinystories,20m,1000,16000,0,0.6378805970149254
tinystories,20m,1000,16000,1,0.6245373134328358
tinystories,20m,1000,16000,2,0.6382537313432836
tinystories,20m,1250,16000,0,0.6444477611940298
tinystories,20m,1250,16000,1,0.6216716417910447
tinystories,20m,1250,16000,2,0.6519402985074627
tinystories,20m,1500,16000,0,0.6404477611940298
tinystories,20m,1500,16000,1,0.617268656716418
tinystories,20m,1500,16000,2,0.6396567164179104
tinystories,20m,1750,16000,0,0.6407014925373135
tinystories,20m,1750,16000,1,0.6322388059701493
tinystories,20m,1750,16000,2,0.6387462686567165
tinystories,20m,2000,16000,0,0.643
tinystories,20m,2000,16000,1,0.6370597014925373
tinystories,20m,2000,16000,2,0.6510597014925373
tinystories,20m,final,16000,0,0.6360597014925373
tinystories,20m,final,16000,1,0.6191194029850746
tinystories,20m,final,16000,2,0.6379701492537313
tinystories,180m,25,16000,0,0.5108805970149254
tinystories,180m,25,16000,1,0.5285970149253731
tinystories,180m,25,16000,2,0.5143432835820896
tinystories,180m,50,16000,0,0.5413283582089552
tinystories,180m,50,16000,1,0.5514328358208955
tinystories,180m,50,16000,2,0.5417313432835821
tinystories,180m,75,16000,0,0.5593582089552239
tinystories,180m,75,16000,1,0.5469850746268656
tinystories,180m,75,16000,2,0.5617910447761194
tinystories,180m,100,16000,0,0.5719850746268657
tinystories,180m,100,16000,1,0.570820895522388
tinystories,180m,100,16000,2,0.5737761194029851
tinystories,180m,250,16000,0,0.6165522388059701
tinystories,180m,250,16000,1,0.6124179104477612
tinystories,180m,250,16000,2,0.5944328358208956
tinystories,180m,500,16000,0,0.6489850746268657
tinystories,180m,500,16000,1,0.6395970149253731
tinystories,180m,500,16000,2,0.6304925373134328
tinystories,180m,750,16000,0,0.6524179104477612
tinystories,180m,750,16000,1,0.6504776119402985
tinystories,180m,750,16000,2,0.6334776119402985
tinystories,180m,1000,16000,0,0.6562388059701493
tinystories,180m,1000,16000,1,0.6466567164179104
tinystories,180m,1250,16000,0,0.6487611940298508
tinystories,180m,1250,16000,1,0.6454029850746269
tinystories,180m,1250,16000,2,0.6509701492537313
tinystories,180m,1500,16000,0,0.6554328358208955
tinystories,180m,1500,16000,1,0.6508955223880597
tinystories,180m,1500,16000,2,0.6530895522388059
tinystories,180m,1750,16000,0,0.6610597014925373
tinystories,180m,1750,16000,1,0.6513880597014925
tinystories,180m,1750,16000,2,0.648223880597015
tinystories,180m,2000,16000,0,0.6618059701492537
tinystories,180m,2000,16000,1,0.6586865671641791
tinystories,180m,2000,16000,2,0.6533880597014925
tinystories,180m,final,16000,0,0.6567164179104478
tinystories,180m,final,16000,1,0.6527313432835821
tinystories,180m,final,16000,2,0.6556119402985074
babylm3,60m,25,8000,0,0.5458059701492537
babylm3,60m,25,8000,1,0.5441194029850747
babylm3,60m,25,8000,2,0.5393731343283582
babylm3,60m,50,8000,0,0.6051044776119403
babylm3,60m,50,8000,1,0.593776119402985
babylm3,60m,50,8000,2,0.5956268656716418
babylm3,60m,75,8000,0,0.6410895522388059
babylm3,60m,75,8000,1,0.6396716417910447
babylm3,60m,75,8000,2,0.6435820895522388
babylm3,60m,100,8000,0,0.6644626865671642
babylm3,60m,100,8000,1,0.6527761194029851
babylm3,60m,100,8000,2,0.6641492537313433
babylm3,60m,250,8000,0,0.6833432835820895
babylm3,60m,250,8000,1,0.6783283582089552
babylm3,60m,250,8000,2,0.695865671641791
babylm3,60m,500,8000,0,0.7090298507462687
babylm3,60m,500,8000,1,0.7207910447761194
babylm3,60m,500,8000,2,0.7227910447761194
babylm3,60m,750,8000,0,0.7175820895522388
babylm3,60m,750,8000,1,0.725955223880597
babylm3,60m,750,8000,2,0.7163582089552238
babylm3,60m,1000,8000,0,0.7210597014925373
babylm3,60m,1000,8000,1,0.7352388059701492
babylm3,60m,1000,8000,2,0.7279402985074627
babylm3,60m,1250,8000,0,0.7256268656716418
babylm3,60m,1250,8000,1,0.7306268656716418
babylm3,60m,1250,8000,2,0.7242835820895522
babylm3,60m,1500,8000,0,0.7152089552238806
babylm3,60m,1500,8000,1,0.7184925373134329
babylm3,60m,1500,8000,2,0.7158955223880596
babylm3,60m,1750,8000,0,0.7334626865671642
babylm3,60m,1750,8000,1,0.7337014925373134
babylm3,60m,1750,8000,2,0.7221791044776119
babylm3,60m,2000,8000,0,0.7216119402985075
babylm3,60m,2000,8000,1,0.7154477611940299
babylm3,60m,2000,8000,2,0.7025522388059702
babylm3,60m,final,8000,0,0.7208507462686568
babylm3,60m,final,8000,1,0.7254477611940299
babylm3,60m,final,8000,2,0.7141492537313433
babylm3,60m,25,16000,0,0.5700149253731344
babylm3,60m,25,16000,1,0.5849850746268657
babylm3,60m,25,16000,2,0.575820895522388
babylm3,60m,50,16000,0,0.6376865671641792
babylm3,60m,50,16000,1,0.6342537313432836
babylm3,60m,50,16000,2,0.628223880597015
babylm3,60m,75,16000,0,0.668865671641791
babylm3,60m,75,16000,1,0.6648208955223881
babylm3,60m,75,16000,2,0.6633432835820896
babylm3,60m,100,16000,0,0.6935373134328359
babylm3,60m,100,16000,1,0.685865671641791
babylm3,60m,100,16000,2,0.6672388059701493
babylm3,60m,250,16000,0,0.7222238805970149
babylm3,60m,250,16000,1,0.7064179104477611
babylm3,60m,250,16000,2,0.7068358208955224
babylm3,60m,500,16000,0,0.7293731343283583
babylm3,60m,500,16000,1,0.7152238805970149
babylm3,60m,500,16000,2,0.7276417910447761
babylm3,60m,750,16000,0,0.7355373134328358
babylm3,60m,750,16000,1,0.7248059701492537
babylm3,60m,750,16000,2,0.7255671641791045
babylm3,60m,1000,16000,0,0.7415820895522388
babylm3,60m,1000,16000,1,0.7293582089552239
babylm3,60m,1000,16000,2,0.7375074626865672
babylm3,60m,1250,16000,0,0.7311492537313433
babylm3,60m,1250,16000,1,0.728776119402985
babylm3,60m,1250,16000,2,0.7231641791044776
babylm3,60m,1500,16000,0,0.7377313432835821
babylm3,60m,1500,16000,1,0.7358507462686568
babylm3,60m,1500,16000,2,0.7215522388059702
babylm3,60m,1750,16000,0,0.7257611940298507
babylm3,60m,1750,16000,1,0.7250149253731343
babylm3,60m,1750,16000,2,0.7263731343283583
babylm3,60m,2000,16000,0,0.7247014925373134
babylm3,60m,2000,16000,1,0.7319850746268657
babylm3,60m,2000,16000,2,0.7271940298507462
babylm3,60m,final,16000,0,0.7382238805970149
babylm3,60m,final,16000,1,0.7358507462686568
babylm3,60m,final,16000,2,0.7306567164179104
babylm3,60m,25,32000,0,0.5682686567164179
babylm3,60m,25,32000,1,0.5717313432835821
babylm3,60m,25,32000,2,0.5813582089552238
babylm3,60m,50,32000,0,0.658179104477612
babylm3,60m,50,32000,1,0.6486567164179105
babylm3,60m,50,32000,2,0.644910447761194
babylm3,60m,75,32000,0,0.6845970149253732
babylm3,60m,75,32000,1,0.6729253731343283
babylm3,60m,75,32000,2,0.674
babylm3,60m,100,32000,0,0.7044328358208956
babylm3,60m,100,32000,1,0.6820597014925374
babylm3,60m,100,32000,2,0.7013582089552238
babylm3,60m,250,32000,0,0.7372388059701492
babylm3,60m,250,32000,1,0.7174626865671642
babylm3,60m,250,32000,2,0.7185820895522388
babylm3,60m,500,32000,0,0.7490149253731343
babylm3,60m,500,32000,1,0.7082238805970149
babylm3,60m,500,32000,2,0.7325970149253731
babylm3,60m,750,32000,0,0.7376865671641791
babylm3,60m,750,32000,1,0.7170746268656717
babylm3,60m,750,32000,2,0.7215074626865672
babylm3,60m,1000,32000,0,0.7423731343283582
babylm3,60m,1000,32000,1,0.7186716417910448
babylm3,60m,1000,32000,2,0.729089552238806
babylm3,60m,1250,32000,0,0.7386865671641791
babylm3,60m,1250,32000,1,0.7108059701492537
babylm3,60m,1250,32000,2,0.7115970149253731
babylm3,60m,1500,32000,0,0.7268507462686568
babylm3,60m,1500,32000,1,0.715
babylm3,60m,1500,32000,2,0.7213731343283583
babylm3,60m,1750,32000,0,0.7336268656716418
babylm3,60m,1750,32000,1,0.7101044776119403
babylm3,60m,1750,32000,2,0.713820895522388
babylm3,60m,2000,32000,0,0.7231492537313433
babylm3,60m,2000,32000,1,0.713
babylm3,60m,2000,32000,2,0.7161194029850746
babylm3,60m,final,32000,0,0.7338656716417911
babylm3,60m,final,32000,1,0.7049402985074626
babylm3,60m,final,32000,2,0.726820895522388
babylm3,60m,25,50257,0,0.5725820895522388
babylm3,60m,25,50257,1,0.566
babylm3,60m,25,50257,2,0.576820895522388
babylm3,60m,50,50257,0,0.6396865671641792
babylm3,60m,50,50257,1,0.6428208955223881
babylm3,60m,50,50257,2,0.6402388059701493
babylm3,60m,75,50257,0,0.6763134328358209
babylm3,60m,75,50257,1,0.6747313432835821
babylm3,60m,75,50257,2,0.6782089552238806
babylm3,60m,100,50257,0,0.6722686567164179
babylm3,60m,100,50257,1,0.690865671641791
babylm3,60m,100,50257,2,0.6897462686567164
babylm3,60m,250,50257,0,0.7132537313432836
babylm3,60m,250,50257,1,0.7147611940298507
babylm3,60m,250,50257,2,0.7159701492537314
babylm3,60m,500,50257,0,0.715
babylm3,60m,500,50257,1,0.7089850746268657
babylm3,60m,500,50257,2,0.7121044776119403
babylm3,60m,750,50257,0,0.7224477611940299
babylm3,60m,750,50257,1,0.7164477611940299
babylm3,60m,750,50257,2,0.7135223880597015
babylm3,60m,1000,50257,0,0.7237910447761194
babylm3,60m,1000,50257,1,0.7216567164179104
babylm3,60m,1000,50257,2,0.7016417910447761
babylm3,60m,1250,50257,0,0.7203880597014926
babylm3,60m,1250,50257,1,0.7075820895522388
babylm3,60m,1250,50257,2,0.7139402985074627
babylm3,60m,1500,50257,0,0.7151044776119403
babylm3,60m,1500,50257,1,0.6903432835820895
babylm3,60m,1500,50257,2,0.6964179104477612
babylm3,60m,1750,50257,0,0.7152089552238806
babylm3,60m,1750,50257,1,0.7031194029850746
babylm3,60m,1750,50257,2,0.7023582089552238
babylm3,60m,2000,50257,0,0.7044776119402985
babylm3,60m,2000,50257,1,0.7137462686567164
babylm3,60m,2000,50257,2,0.6934328358208955
babylm3,60m,final,50257,0,0.7208955223880597
babylm3,60m,final,50257,1,0.7204925373134329
babylm3,60m,final,50257,2,0.7093880597014925
babylm3,20m,25,16000,0,0.6395074626865672
babylm3,20m,25,16000,1,0.622955223880597
babylm3,20m,25,16000,2,0.6319701492537313
babylm3,20m,50,16000,0,0.6635820895522389
babylm3,20m,50,16000,1,0.6459850746268657
babylm3,20m,50,16000,2,0.6674477611940298
babylm3,20m,75,16000,0,0.6927910447761194
babylm3,20m,75,16000,1,0.682820895522388
babylm3,20m,75,16000,2,0.6777164179104478
babylm3,20m,100,16000,0,0.6862835820895522
babylm3,20m,100,16000,1,0.687865671641791
babylm3,20m,100,16000,2,0.6687910447761194
babylm3,20m,250,16000,0,0.6899850746268656
babylm3,20m,250,16000,1,0.7047014925373134
babylm3,20m,250,16000,2,0.7039701492537314
babylm3,20m,500,16000,0,0.7056865671641791
babylm3,20m,500,16000,1,0.7124029850746268
babylm3,20m,500,16000,2,0.7019552238805971
babylm3,20m,750,16000,0,0.7004477611940298
babylm3,20m,750,16000,1,0.7103134328358209
babylm3,20m,750,16000,2,0.6836567164179105
babylm3,20m,1000,16000,0,0.7085970149253731
babylm3,20m,1000,16000,1,0.7204776119402985
babylm3,20m,1000,16000,2,0.6946268656716418
babylm3,20m,1250,16000,0,0.7067313432835821
babylm3,20m,1250,16000,1,0.7234029850746269
babylm3,20m,1250,16000,2,0.6914626865671641
babylm3,20m,1500,16000,0,0.7131492537313433
babylm3,20m,1500,16000,1,0.7200149253731343
babylm3,20m,1500,16000,2,0.7029850746268657
babylm3,20m,1750,16000,0,0.6914776119402986
babylm3,20m,1750,16000,1,0.7086567164179104
babylm3,20m,1750,16000,2,0.6752686567164179
babylm3,20m,2000,16000,0,0.6949253731343283
babylm3,20m,2000,16000,1,0.7143731343283583
babylm3,20m,2000,16000,2,0.6815223880597014
babylm3,20m,final,16000,0,0.7025074626865672
babylm3,20m,final,16000,1,0.715865671641791
babylm3,20m,final,16000,2,0.6883134328358209
babylm3,180m,25,16000,0,0.5325671641791044
babylm3,180m,25,16000,1,0.5502985074626866
babylm3,180m,25,16000,2,0.5445223880597015
babylm3,180m,50,16000,0,0.5850597014925373
babylm3,180m,50,16000,1,0.5983880597014926
babylm3,180m,50,16000,2,0.5821044776119403
babylm3,180m,75,16000,0,0.6318955223880597
babylm3,180m,75,16000,1,0.6291791044776119
babylm3,180m,75,16000,2,0.6165373134328358
babylm3,180m,100,16000,1,0.6548358208955224
babylm3,180m,100,16000,2,0.6424179104477612
babylm3,180m,250,16000,0,0.7199701492537314
babylm3,180m,250,16000,1,0.7108955223880598
babylm3,180m,250,16000,2,0.7101492537313433
babylm3,180m,500,16000,0,0.7292835820895522
babylm3,180m,500,16000,1,0.7201044776119403
babylm3,180m,500,16000,2,0.7216268656716418
babylm3,180m,750,16000,0,0.7243582089552238
babylm3,180m,750,16000,1,0.7157462686567164
babylm3,180m,750,16000,2,0.7227164179104477
babylm3,180m,1000,16000,0,0.7247462686567164
babylm3,180m,1000,16000,1,0.7189104477611941
babylm3,180m,1000,16000,2,0.7153582089552238
babylm3,180m,1250,16000,0,0.714820895522388
babylm3,180m,1250,16000,1,0.7153283582089552
babylm3,180m,1250,16000,2,0.7084626865671642
babylm3,180m,1500,16000,0,0.6987761194029851
babylm3,180m,1500,16000,1,0.7074925373134329
babylm3,180m,1500,16000,2,0.7044029850746268
babylm3,180m,1750,16000,0,0.7091492537313433
babylm3,180m,1750,16000,1,0.6899701492537313
babylm3,180m,1750,16000,2,0.6902835820895522
babylm3,180m,2000,16000,0,0.7008507462686567
babylm3,180m,2000,16000,1,0.6991492537313433
babylm3,180m,2000,16000,2,0.694865671641791
babylm3,180m,final,16000,0,0.7318805970149254
babylm3,180m,final,16000,1,0.7224925373134329
babylm3,180m,final,16000,2,0.7311492537313433
hybrid_3.7B,60m,25,8000,0,0.5532388059701493
hybrid_3.7B,60m,25,8000,1,0.5564179104477612
hybrid_3.7B,60m,25,8000,2,0.5622238805970149
hybrid_3.7B,60m,50,8000,0,0.6316268656716418
hybrid_3.7B,60m,50,8000,1,0.636179104477612
hybrid_3.7B,60m,50,8000,2,0.6454328358208955
hybrid_3.7B,60m,75,8000,0,0.6653880597014925
hybrid_3.7B,60m,75,8000,1,0.6586567164179105
hybrid_3.7B,60m,75,8000,2,0.6776865671641791
hybrid_3.7B,60m,100,8000,0,0.6785522388059702
hybrid_3.7B,60m,100,8000,1,0.679089552238806
hybrid_3.7B,60m,100,8000,2,0.6866417910447761
hybrid_3.7B,60m,250,8000,0,0.7104925373134329
hybrid_3.7B,60m,250,8000,1,0.7038358208955224
hybrid_3.7B,60m,250,8000,2,0.7290298507462687
hybrid_3.7B,60m,500,8000,0,0.724313432835821
hybrid_3.7B,60m,500,8000,1,0.7156417910447761
hybrid_3.7B,60m,500,8000,2,0.7307910447761194
hybrid_3.7B,60m,750,8000,0,0.7361791044776119
hybrid_3.7B,60m,750,8000,1,0.7595074626865672
hybrid_3.7B,60m,750,8000,2,0.7388358208955224
hybrid_3.7B,60m,1000,8000,0,0.7244776119402985
hybrid_3.7B,60m,1000,8000,1,0.7322686567164179
hybrid_3.7B,60m,1000,8000,2,0.7266417910447761
hybrid_3.7B,60m,1250,8000,0,0.7188059701492537
hybrid_3.7B,60m,1250,8000,1,0.7501641791044776
hybrid_3.7B,60m,1250,8000,2,0.7380597014925373
hybrid_3.7B,60m,1500,8000,0,0.7284626865671642
hybrid_3.7B,60m,1500,8000,1,0.759044776119403
hybrid_3.7B,60m,1500,8000,2,0.7407313432835821
hybrid_3.7B,60m,1750,8000,0,0.739089552238806
hybrid_3.7B,60m,1750,8000,1,0.7437462686567164
hybrid_3.7B,60m,1750,8000,2,0.7387611940298507
hybrid_3.7B,60m,2000,8000,0,0.7352238805970149
hybrid_3.7B,60m,2000,8000,1,0.7492835820895523
hybrid_3.7B,60m,2000,8000,2,0.7663731343283582
hybrid_3.7B,60m,final,8000,0,0.7495223880597015
hybrid_3.7B,60m,final,8000,1,0.7705074626865671
hybrid_3.7B,60m,final,8000,2,0.7685373134328358
hybrid_3.7B,60m,25,16000,0,0.5679701492537313
hybrid_3.7B,60m,25,16000,1,0.5713432835820895
hybrid_3.7B,60m,25,16000,2,0.5786865671641791
hybrid_3.7B,60m,50,16000,0,0.6306119402985074
hybrid_3.7B,60m,50,16000,1,0.6408358208955224
hybrid_3.7B,60m,50,16000,2,0.6399850746268657
hybrid_3.7B,60m,75,16000,0,0.6536268656716417
hybrid_3.7B,60m,75,16000,1,0.6666268656716418
hybrid_3.7B,60m,75,16000,2,0.665089552238806
hybrid_3.7B,60m,100,16000,0,0.6931492537313433
hybrid_3.7B,60m,100,16000,1,0.6893731343283582
hybrid_3.7B,60m,100,16000,2,0.678955223880597
hybrid_3.7B,60m,250,16000,0,0.7092089552238806
hybrid_3.7B,60m,250,16000,1,0.7125970149253731
hybrid_3.7B,60m,250,16000,2,0.7268358208955223
hybrid_3.7B,60m,500,16000,0,0.7477910447761194
hybrid_3.7B,60m,500,16000,1,0.742955223880597
hybrid_3.7B,60m,500,16000,2,0.7451940298507462
hybrid_3.7B,60m,750,16000,0,0.7486716417910447
hybrid_3.7B,60m,750,16000,1,0.7534626865671642
hybrid_3.7B,60m,750,16000,2,0.7382537313432835
hybrid_3.7B,60m,1000,16000,0,0.7432985074626866
hybrid_3.7B,60m,1000,16000,1,0.7601641791044776
hybrid_3.7B,60m,1000,16000,2,0.7435373134328358
hybrid_3.7B,60m,1250,16000,0,0.7389850746268657
hybrid_3.7B,60m,1250,16000,1,0.7691343283582089
hybrid_3.7B,60m,1250,16000,2,0.7454029850746269
hybrid_3.7B,60m,1500,16000,0,0.7427462686567164
hybrid_3.7B,60m,1500,16000,1,0.7757611940298508
hybrid_3.7B,60m,1500,16000,2,0.7414626865671642
hybrid_3.7B,60m,1750,16000,0,0.7516567164179104
hybrid_3.7B,60m,1750,16000,1,0.7751641791044777
hybrid_3.7B,60m,1750,16000,2,0.7607014925373135
hybrid_3.7B,60m,2000,16000,0,0.7496417910447761
hybrid_3.7B,60m,2000,16000,1,0.7811641791044777
hybrid_3.7B,60m,2000,16000,2,0.7493134328358209
hybrid_3.7B,60m,final,16000,0,0.7724925373134328
hybrid_3.7B,60m,final,16000,1,0.765179104477612
hybrid_3.7B,60m,final,16000,2,0.78
hybrid_3.7B,60m,25,32000,0,0.5962388059701492
hybrid_3.7B,60m,25,32000,1,0.5845820895522388
hybrid_3.7B,60m,25,32000,2,0.5820597014925373
hybrid_3.7B,60m,50,32000,0,0.6383582089552239
hybrid_3.7B,60m,50,32000,1,0.6518208955223881
hybrid_3.7B,60m,50,32000,2,0.6530895522388059
hybrid_3.7B,60m,75,32000,0,0.6833432835820895
hybrid_3.7B,60m,75,32000,1,0.693044776119403
hybrid_3.7B,60m,75,32000,2,0.6918358208955224
hybrid_3.7B,60m,100,32000,0,0.6924477611940298
hybrid_3.7B,60m,100,32000,1,0.7074328358208956
hybrid_3.7B,60m,100,32000,2,0.6960149253731344
hybrid_3.7B,60m,250,32000,0,0.7394925373134328
hybrid_3.7B,60m,250,32000,1,0.7456417910447761
hybrid_3.7B,60m,250,32000,2,0.7410298507462687
hybrid_3.7B,60m,500,32000,0,0.7531194029850746
hybrid_3.7B,60m,500,32000,1,0.741955223880597
hybrid_3.7B,60m,500,32000,2,0.7231343283582089
hybrid_3.7B,60m,750,32000,0,0.7628955223880597
hybrid_3.7B,60m,750,32000,1,0.7695671641791044
hybrid_3.7B,60m,750,32000,2,0.744
hybrid_3.7B,60m,1000,32000,0,0.7768805970149254
hybrid_3.7B,60m,1000,32000,1,0.7700746268656716
hybrid_3.7B,60m,1000,32000,2,0.7452537313432835
hybrid_3.7B,60m,1250,32000,0,0.7712835820895523
hybrid_3.7B,60m,1250,32000,1,0.7564328358208955
hybrid_3.7B,60m,1250,32000,2,0.7319253731343284
hybrid_3.7B,60m,1500,32000,0,0.7813134328358209
hybrid_3.7B,60m,1500,32000,1,0.7622388059701493
hybrid_3.7B,60m,1500,32000,2,0.7518208955223881
hybrid_3.7B,60m,1750,32000,0,0.779910447761194
hybrid_3.7B,60m,1750,32000,1,0.7706865671641792
hybrid_3.7B,60m,1750,32000,2,0.7448059701492538
hybrid_3.7B,60m,2000,32000,0,0.7888358208955224
hybrid_3.7B,60m,2000,32000,1,0.783
hybrid_3.7B,60m,2000,32000,2,0.7450746268656716
hybrid_3.7B,60m,final,32000,0,0.7900149253731343
hybrid_3.7B,60m,final,32000,1,0.7814925373134328
hybrid_3.7B,60m,final,32000,2,0.7540746268656716
hybrid_3.7B,60m,25,50257,0,0.5984626865671642
hybrid_3.7B,60m,25,50257,1,0.5974328358208956
hybrid_3.7B,60m,25,50257,2,0.5966865671641791
hybrid_3.7B,60m,50,50257,0,0.6734626865671641
hybrid_3.7B,60m,50,50257,1,0.681134328358209
hybrid_3.7B,60m,50,50257,2,0.6756417910447762
hybrid_3.7B,60m,75,50257,0,0.6877611940298507
hybrid_3.7B,60m,75,50257,1,0.7062537313432836
hybrid_3.7B,60m,75,50257,2,0.6887164179104478
hybrid_3.7B,60m,100,50257,0,0.7008059701492537
hybrid_3.7B,60m,100,50257,1,0.693820895522388
hybrid_3.7B,60m,100,50257,2,0.6971641791044776
hybrid_3.7B,60m,250,50257,0,0.7276865671641791
hybrid_3.7B,60m,250,50257,1,0.7174328358208956
hybrid_3.7B,60m,250,50257,2,0.7415074626865672
hybrid_3.7B,60m,500,50257,0,0.752089552238806
hybrid_3.7B,60m,500,50257,1,0.7518208955223881
hybrid_3.7B,60m,500,50257,2,0.7517611940298508
hybrid_3.7B,60m,750,50257,0,0.7630597014925373
hybrid_3.7B,60m,750,50257,1,0.7627462686567165
hybrid_3.7B,60m,750,50257,2,0.759955223880597
hybrid_3.7B,60m,1000,50257,0,0.7589253731343284
hybrid_3.7B,60m,1000,50257,1,0.7557910447761194
hybrid_3.7B,60m,1000,50257,2,0.7696417910447761
hybrid_3.7B,60m,1250,50257,0,0.7732537313432836
hybrid_3.7B,60m,1250,50257,1,0.7757611940298508
hybrid_3.7B,60m,1250,50257,2,0.7687462686567165
hybrid_3.7B,60m,1500,50257,0,0.7794179104477612
hybrid_3.7B,60m,1500,50257,1,0.7637014925373135
hybrid_3.7B,60m,1500,50257,2,0.7589253731343284
hybrid_3.7B,60m,1750,50257,0,0.7900597014925373
hybrid_3.7B,60m,1750,50257,1,0.7701194029850746
hybrid_3.7B,60m,1750,50257,2,0.7598805970149254
hybrid_3.7B,60m,2000,50257,0,0.7932238805970149
hybrid_3.7B,60m,2000,50257,1,0.7655522388059701
hybrid_3.7B,60m,2000,50257,2,0.7674477611940298
hybrid_3.7B,60m,final,50257,0,0.8006268656716418
hybrid_3.7B,60m,final,50257,1,0.7738805970149254
hybrid_3.7B,60m,final,50257,2,0.7997014925373135
hybrid_3.7B,20m,25,50257,0,0.6424477611940298
hybrid_3.7B,20m,25,50257,1,0.6464179104477612
hybrid_3.7B,20m,25,50257,2,0.6594925373134328
hybrid_3.7B,20m,50,50257,0,0.6827761194029851
hybrid_3.7B,20m,50,50257,1,0.6902089552238806
hybrid_3.7B,20m,50,50257,2,0.6996865671641791
hybrid_3.7B,20m,75,50257,0,0.7192388059701492
hybrid_3.7B,20m,75,50257,1,0.7099402985074627
hybrid_3.7B,20m,75,50257,2,0.7046716417910448
hybrid_3.7B,20m,100,50257,0,0.7149552238805971
hybrid_3.7B,20m,100,50257,1,0.7224328358208956
hybrid_3.7B,20m,100,50257,2,0.7106119402985075
hybrid_3.7B,20m,250,50257,0,0.7315223880597015
hybrid_3.7B,20m,250,50257,1,0.7107761194029851
hybrid_3.7B,20m,250,50257,2,0.7220298507462687
hybrid_3.7B,20m,500,50257,0,0.7474925373134328
hybrid_3.7B,20m,500,50257,1,0.7276567164179104
hybrid_3.7B,20m,500,50257,2,0.7345522388059702
hybrid_3.7B,20m,750,50257,0,0.7528208955223881
hybrid_3.7B,20m,750,50257,1,0.7446716417910447
hybrid_3.7B,20m,750,50257,2,0.7332089552238806
hybrid_3.7B,20m,1000,50257,0,0.7287462686567164
hybrid_3.7B,20m,1000,50257,1,0.7411492537313433
hybrid_3.7B,20m,1000,50257,2,0.7138059701492537
hybrid_3.7B,20m,1250,50257,0,0.7447014925373134
hybrid_3.7B,20m,1250,50257,1,0.7465373134328358
hybrid_3.7B,20m,1250,50257,2,0.7236865671641791
hybrid_3.7B,20m,1500,50257,0,0.7411492537313433
hybrid_3.7B,20m,1500,50257,1,0.7568059701492538
hybrid_3.7B,20m,1500,50257,2,0.7362388059701492
hybrid_3.7B,20m,1750,50257,0,0.7361940298507462
hybrid_3.7B,20m,1750,50257,1,0.7460597014925373
hybrid_3.7B,20m,1750,50257,2,0.7398656716417911
hybrid_3.7B,20m,2000,50257,0,0.7506417910447761
hybrid_3.7B,20m,2000,50257,1,0.7718656716417911
hybrid_3.7B,20m,2000,50257,2,0.7534626865671642
hybrid_3.7B,20m,final,50257,0,0.7524477611940299
hybrid_3.7B,20m,final,50257,1,0.766179104477612
hybrid_3.7B,20m,final,50257,2,0.7532388059701492
hybrid_3.7B,180m,25,50257,0,0.5317462686567164
hybrid_3.7B,180m,25,50257,1,0.5300149253731343
hybrid_3.7B,180m,25,50257,2,0.5362089552238806
hybrid_3.7B,180m,50,50257,0,0.5923283582089552
hybrid_3.7B,180m,50,50257,1,0.6073283582089553
hybrid_3.7B,180m,50,50257,2,0.6041791044776119
hybrid_3.7B,180m,75,50257,2,0.642955223880597
hybrid_3.7B,180m,100,50257,0,0.6665671641791044
hybrid_3.7B,180m,100,50257,1,0.6774328358208955
hybrid_3.7B,180m,100,50257,2,0.6590149253731343
hybrid_3.7B,180m,250,50257,0,0.7300597014925373
hybrid_3.7B,180m,500,50257,0,0.7434626865671642
hybrid_3.7B,180m,500,50257,1,0.7634626865671642
hybrid_3.7B,180m,500,50257,2,0.7474626865671642
hybrid_3.7B,180m,750,50257,0,0.7730298507462686
hybrid_3.7B,180m,750,50257,1,0.7782835820895523
hybrid_3.7B,180m,750,50257,2,0.7655820895522388
hybrid_3.7B,180m,1000,50257,0,0.7612835820895523
hybrid_3.7B,180m,1000,50257,1,0.7722835820895523
hybrid_3.7B,180m,1250,50257,0,0.7739253731343284
hybrid_3.7B,180m,1250,50257,1,0.7667462686567165
hybrid_3.7B,180m,1250,50257,2,0.782865671641791
hybrid_3.7B,180m,1500,50257,0,0.7745671641791044
hybrid_3.7B,180m,1500,50257,1,0.7764328358208955
hybrid_3.7B,180m,1500,50257,2,0.7878358208955224
hybrid_3.7B,180m,1750,50257,1,0.777865671641791
hybrid_3.7B,180m,1750,50257,2,0.794134328358209
hybrid_3.7B,180m,2000,50257,0,0.7877761194029851
hybrid_3.7B,180m,2000,50257,1,0.7842388059701493
hybrid_3.7B,180m,2000,50257,2,0.7887014925373135
hybrid_3.7B,180m,final,50257,0,0.8059850746268656
hybrid_3.7B,180m,final,50257,1,0.8039253731343283
hybrid_3.7B,180m,final,50257,2,0.8143582089552239
